Element, I1_1, Ang1_1, I1_2, Ang1_2, I1_3, Ang1_3, I1_4, Ang1_4, Iresid1, AngResid1, I2_1, Ang2_1, I2_2, Ang2_2, I2_3, Ang2_3, I2_4, Ang2_4, Iresid2, AngResid2
Vsource.SOURCE,          0,     0.00,          0,     0.00, 2.54211E-013,  -153.43,          0,     0.00, 2.54211E-013,  -153.43,          0,     0.00,          0,     0.00, 2.54211E-013,    26.57,          0,     0.00, 2.54211E-013,    26.57
Vsource.7_3_UTILITY 1,    5.09692,   -36.55,    5.09692,  -156.55,    5.09692,    83.45,          0,     0.00, 4.42356E-010,   -88.70,    5.09692,   143.45,    5.09692,    23.45,    5.09692,   -96.55,          0,     0.00, 4.42356E-010,    91.30
Line.9_2_CABLE 1,    5.09692,   143.45,    5.09692,    23.45,    5.09692,   -96.55,          0,     0.00, 4.42473E-010,    91.32,    4.80768,   -31.64,    4.80768,  -151.64,    4.80768,    88.36,          0,     0.00, 4.19812E-010,   -94.15
Line.10_1_DIRECT CON,    4.89037,   -31.54,    4.89037,  -151.54,    4.89037,    88.46,          0,     0.00, 9.59985E-010,    75.96,    4.89037,   148.46,    4.89037,    28.46,    4.89037,   -91.54,          0,     0.00, 7.70101E-010,   154.83
Transformer.11_0_TRANSFORMER 2,  0.0831389,   -25.60,  0.0831389,  -145.60,  0.0831389,    94.40, 1.66527E-011,  -145.01, 9.37486E-013,   104.04,   0.956078,   154.40,   0.956078,    34.40,   0.956078,   -85.60, 1.92091E-010,    37.30, 1.02898E-011,   135.00
Transformer.12_0_TRANSFORMER 1, 9.09495E-013,   -90.00, 1.13687E-012,   -36.87, 9.09495E-013,   -90.00, 2.03369E-012,   116.57, 6.82121E-013,   -90.00, 4.21076E-006,   -89.75, 4.21076E-006,   150.25, 4.21076E-006,    30.25, 2.03369E-012,   -63.43, 1.15938E-012,   -78.69
Generator.9_1_SYNC GEN 1,    4.89036,   148.46,    4.89036,    28.46,    4.89036,   -91.54, 9.5673E-010,    28.47,          0,     0.00,          0,     0.00,          0,     0.00,          0,     0.00,          0,     0.00,          0,     0.00
Load.10_0_LOAD 1,   0.956077,   -25.60,   0.956077,  -145.60,   0.956077,    94.40, 1.87043E-010,  -145.58,          0,     0.00,          0,     0.00,          0,     0.00,          0,     0.00,          0,     0.00,          0,     0.00
