Element, I1_1, Ang1_1, I1_2, Ang1_2, I1_3, Ang1_3, I1_4, Ang1_4, Iresid1, AngResid1, I2_1, Ang2_1, I2_2, Ang2_2, I2_3, Ang2_3, I2_4, Ang2_4, Iresid2, AngResid2
Vsource.SOURCE,          0,     0.00,          0,     0.00, 2.54211E-013,  -153.43,          0,     0.00, 2.54211E-013,  -153.43,          0,     0.00,          0,     0.00, 2.54211E-013,    26.57,          0,     0.00, 2.54211E-013,    26.57
Vsource.UTILITY1,     4.8265,   -31.78,    4.82751,  -151.80,     4.8257,    88.20,          0,     0.00, 0.000346032,   -39.20,     4.8265,   148.22,    4.82751,    28.20,     4.8257,   -91.80,          0,     0.00, 0.000346032,   140.80
Line.OVERHEADLINE1,    3.58686,   175.76,    3.58839,    55.78,      3.591,   -64.31,          0,     0.00, 0.00424467,  -123.47,    3.58622,    -4.20,    3.58744,  -124.16,    3.59188,   115.75,          0,     0.00, 0.00430681,    61.00
Line.CABLE1, 4.86069E-012,   100.78, 8.13477E-012,    26.57, 5.14488E-012,   -45.00,          0,     0.00, 1.10855E-011,    25.51, 0.000512115,    90.13, 0.000512116,   -29.87, 0.000512115,  -149.87,          0,     0.00, 1.9475E-010,    64.33
Line.DIRECTCONNECT1,    4.90763,   -31.66,    4.90762,  -151.66,    4.90763,    88.34,          0,     0.00, 1.70924E-005,    26.41,    4.90763,   148.34,    4.90763,    28.34,    4.90764,   -91.66,          0,     0.00, 1.7092E-005,  -153.59
Transformer.TWTRANS1,    2.33699,   103.00,    2.33946,   -17.05,    2.33238,  -137.11, 0.00429301,  -118.87, 1.43804E-012,   -18.43,    2.33699,   -77.00,    2.33946,   162.95,    2.33238,    42.89, 0.00429301,    61.13, 1.01685E-012,  -153.43
Transformer.TWTRANS2,  0.0834324,   -25.71,  0.0834323,  -145.71,  0.0834324,    94.29, 2.90571E-007,  -147.65, 1.60777E-012,   -81.87,   0.959454,   154.29,   0.959452,    34.29,   0.959454,   -85.71, 3.34156E-006,    32.35, 3.49416E-011,  -128.66
Generator.SYNCGEN1,    4.90763,   148.34,    4.90762,    28.34,    4.90763,   -91.66, 1.70924E-005,    26.41,          0,     0.00,          0,     0.00,          0,     0.00,          0,     0.00,          0,     0.00,          0,     0.00
Load.LOAD1,   0.959453,   -25.71,   0.959452,  -145.71,   0.959454,    94.29, 3.34165E-006,  -147.64,          0,     0.00,          0,     0.00,          0,     0.00,          0,     0.00,          0,     0.00,          0,     0.00
